Title,Mu,Flesch,N_Frases,N_Palabras,Por_Sinonimos,Por_Abreviaturas,Por_Siglas,Infinitive_Verbs_number,Gerund_Verbs_number,Participle_Verbs_number,Articles_number,Preposition_number,Noun,Por_Desconocidas,Por_Largas,Por_Superlativos,Por_Adverbios,Por_Simbolos,Mayusuculas_NoSiglas,Por_Inderterminados,Por_numeros,Por_complex,Por_muy_frecuentes,Por_frecuentes,Por_poco_frecuentes,Por_comillas,Tipo
AdministraciónPúblicaElectrónicaH,36.47,24.8,15,541,4.805914972273568,0.18484288354898337,0.7393715341959335,0,0,0,0,0,0,32.34750462107209,4.805914972273568,0.0,0.36968576709796674,1.6635859519408502,1.1090573012939002,0.0,1.1090573012939002,0.0,85.39741219963031,0.7393715341959335,0.18484288354898337,0.0,Dificil
AnularCitaPreviaINEMH,75.86,19.3,1,47,0.0,0.0,6.382978723404255,0,0,0,0,0,0,25.53191489361702,0.0,0.0,0.0,0.0,0.0,0.0,0.0,0.0,85.1063829787234,4.25531914893617,4.25531914893617,0.0,Dificil
APPAgenciaTributariaRenta2019H,46.72,16.2,42,1098,3.1876138433515484,1.366120218579235,3.0054644808743167,0,0,0,0,0,0,29.690346083788707,0.546448087431694,0.0,0.546448087431694,0.7285974499089253,0.36429872495446264,0.0,1.366120218579235,0.0,83.87978142076503,2.276867030965392,0.4553734061930783,0.0,Dificil
APREH,41.24,15.7,38,685,7.445255474452555,0.145985401459854,1.313868613138686,0,0,0,0,0,0,26.423357664233578,1.7518248175182483,0.0,0.291970802919708,0.8759124087591241,1.897810218978102,0.0,2.335766423357664,0.0,85.54744525547446,0.583941605839416,0.145985401459854,0.0,Dificil
AutocalculoPrestacionesParoH,47.1,19.0,8,224,1.3392857142857142,1.3392857142857142,1.3392857142857142,0,0,0,0,0,0,24.553571428571427,0.0,0.0,0.0,1.7857142857142858,0.0,0.0,0.0,0.0,87.05357142857143,0.44642857142857145,1.7857142857142858,0.0,Dificil
AutonomosAcreditarCeseFacilH,32.18,87.6,6,221,4.524886877828054,0.0,1.3574660633484164,0,0,0,0,0,0,21.71945701357466,1.3574660633484164,0.0,0.45248868778280543,0.9049773755656109,0.9049773755656109,0.0,0.9049773755656109,0.0,89.14027149321267,0.9049773755656109,0.0,0.0,Dificil
AyudaFamiliarDesempleadosH,41.18,17.1,26,620,2.7419354838709675,1.4516129032258065,0.8064516129032258,0,0,0,0,0,0,29.193548387096776,1.6129032258064515,0.0,0.16129032258064516,1.1290322580645162,0.6451612903225806,0.0,0.4838709677419355,0.0,84.6774193548387,0.967741935483871,0.8064516129032258,0.0,Dificil
AyudaLiberadosPrisionH,43.24,21.5,24,667,4.047976011994003,1.7991004497751124,1.0494752623688155,0,0,0,0,0,0,27.586206896551722,1.199400299850075,0.0,0.14992503748125938,1.0494752623688155,0.29985007496251875,0.0,0.7496251874062968,0.0,86.3568215892054,0.7496251874062968,0.7496251874062968,0.0,Dificil
AyudasAlquilerViviendaH,53.29,17.7,4,161,3.1055900621118013,0.0,1.8633540372670807,0,0,0,0,0,0,39.75155279503105,0.0,0.0,0.0,1.8633540372670807,0.0,0.0,7.453416149068323,0.0,76.3975155279503,0.0,0.0,0.0,Dificil
AyudasAutonomosParoFacilH,38.88,20.7,22,595,4.705882352941177,0.16806722689075632,1.0084033613445378,0,0,0,0,0,0,28.403361344537814,0.8403361344537815,0.0,0.33613445378151263,1.0084033613445378,0.6722689075630253,0.0,2.857142857142857,0.0,85.04201680672269,0.33613445378151263,0.0,0.0,Dificil
AyudasDesempleadosMayores45H,42.66,17.8,24,570,2.6315789473684212,1.2280701754385965,1.5789473684210527,0,0,0,0,0,0,29.12280701754386,1.2280701754385965,0.0,0.17543859649122806,1.0526315789473684,0.7017543859649122,0.0,1.0526315789473684,0.0,84.91228070175438,1.0526315789473684,0.7017543859649122,0.0,Dificil
AyudasDespuesParoH,41.26,16.9,26,608,2.7960526315789473,1.480263157894737,0.8223684210526315,0,0,0,0,0,0,28.782894736842106,1.644736842105263,0.0,0.16447368421052633,1.1513157894736843,0.6578947368421053,0.0,0.4934210526315789,0.0,84.86842105263158,0.9868421052631579,0.6578947368421053,0.0,Dificil
AyudasEmigrantesRetornadosH,42.63,21.6,16,386,0.7772020725388601,2.0725388601036268,0.25906735751295334,0,0,0,0,0,0,31.34715025906736,1.8134715025906736,0.0,0.0,0.7772020725388601,1.0362694300518134,0.0,1.0362694300518134,0.0,85.23316062176166,0.7772020725388601,1.2953367875647668,0.0,Dificil
AyudasParadosLargaDuracionH,42.36,18.3,28,524,4.3893129770992365,3.816793893129771,0.9541984732824428,0,0,0,0,0,0,27.099236641221374,0.7633587786259542,0.0,0.7633587786259542,1.1450381679389312,0.7633587786259542,0.0,2.8625954198473282,0.0,82.63358778625954,0.7633587786259542,0.3816793893129771,0.0,Dificil
AyudasRetornoHumanitarioH,37.31,43.7,38,1397,6.0844667143879745,2.290622763063708,0.4294917680744452,0,0,0,0,0,0,29.63493199713672,2.5053686471009304,0.0,0.35790980672870437,1.0737294201861132,1.0021474588403723,0.0,1.8611309949892627,0.0,85.89835361488905,0.4294917680744452,0.35790980672870437,0.0,Dificil
AyudasVictimasViolenciaGeneroFacilH,50.01,20.4,13,450,5.111111111111111,3.111111111111111,0.6666666666666666,0,0,0,0,0,0,23.11111111111111,0.4444444444444444,0.0,0.0,0.4444444444444444,1.3333333333333333,0.0,0.6666666666666666,0.0,89.33333333333333,0.0,1.3333333333333333,0.0,Dificil
BecasParoH,42.64,31.0,10,422,1.1848341232227488,2.6066350710900474,0.47393364928909953,0,0,0,0,0,0,31.04265402843602,1.6587677725118484,0.0,0.47393364928909953,0.0,1.1848341232227488,0.0,0.0,0.0,90.04739336492891,0.47393364928909953,0.47393364928909953,0.0,Dificil
BuscarConvenioColectivoH,42.16,178.4,6,472,3.8135593220338984,3.6016949152542375,2.1186440677966103,0,0,0,0,0,0,38.13559322033898,1.271186440677966,0.0,0.0,3.1779661016949152,2.330508474576271,0.0,1.0593220338983051,0.0,82.62711864406779,0.423728813559322,0.635593220338983,0.0,Dificil
CalendarioDelContribuyenteH,40.13,23.3,238,6334,5.4310072623934325,1.9892642879696874,1.1998736975055257,0,0,0,0,0,0,39.89580044205873,1.752447110830439,0.0,0.22102936532996525,1.1367224502683928,1.2630249447426587,0.0,10.072623934322703,0.0,73.60277865487843,0.742027155036312,0.473634354278497,0.0,Dificil
CambioDomicilioINEMH,48.4,16.0,4,142,4.929577464788732,0.704225352112676,2.816901408450704,0,0,0,0,0,0,21.830985915492956,0.704225352112676,0.0,0.0,2.816901408450704,7.746478873239437,0.0,0.0,0.0,89.43661971830986,0.0,1.408450704225352,0.0,Dificil
CertificadoDefuncionH,42.95,21.0,4,151,1.9867549668874172,0.0,0.6622516556291391,0,0,0,0,0,0,23.841059602649008,2.6490066225165565,0.0,2.6490066225165565,0.0,0.0,0.0,0.0,0.0,94.03973509933775,0.6622516556291391,0.6622516556291391,0.0,Dificil
CertificadoDelitosSexualesH,44.67,30.8,6,370,4.864864864864865,1.0810810810810811,0.5405405405405406,0,0,0,0,0,0,28.10810810810811,1.6216216216216217,0.0,0.8108108108108109,2.1621621621621623,0.5405405405405406,0.0,0.0,0.0,88.10810810810811,0.2702702702702703,0.2702702702702703,0.0,Dificil
CertificadoDigitalFacilH,45.71,20.9,16,337,0.0,1.1869436201780414,1.4836795252225519,0,0,0,0,0,0,33.531157270029674,1.1869436201780414,0.0,0.0,0.0,0.29673590504451036,0.0,0.29673590504451036,0.0,85.7566765578635,0.5934718100890207,0.8902077151335311,0.0,Dificil
CertificadoEmpresaH,43.74,17.0,6,167,4.191616766467066,0.5988023952095808,0.5988023952095808,0,0,0,0,0,0,38.92215568862275,1.7964071856287425,0.0,0.5988023952095808,2.9940119760479043,1.7964071856287425,0.0,2.395209580838323,0.0,83.83233532934132,0.0,0.0,0.0,Dificil
CertificadoFacilH,45.4,14.8,47,911,4.390779363336993,0.9879253567508233,1.756311745334797,0,0,0,0,0,0,34.46761800219539,0.43907793633369924,0.0,0.6586169045005489,1.5367727771679474,1.4270032930845225,0.0,1.5367727771679474,0.0,81.88803512623491,0.32930845225027444,0.10976948408342481,0.0,Dificil
CertificadoMatrimonioWebH,41.3,15.0,7,184,0.5434782608695652,0.0,0.5434782608695652,0,0,0,0,0,0,23.91304347826087,1.6304347826086956,0.0,0.5434782608695652,1.6304347826086956,2.717391304347826,0.0,1.0869565217391304,0.0,89.67391304347827,0.5434782608695652,0.0,0.0,Dificil
CertificadoRetencionesIRPF2019FacilH,40.81,18.2,33,877,2.280501710376283,0.9122006841505131,3.30672748004561,0,0,0,0,0,0,27.137970353477765,1.1402508551881414,0.0,0.6841505131128849,0.6841505131128849,0.34207525655644244,0.0,0.798175598631699,0.0,86.20296465222349,0.22805017103762829,0.22805017103762829,0.0,Dificil
CertificadosH,45.73,20.7,57,1499,4.469646430953969,0.66711140760507,1.9346230820547032,0,0,0,0,0,0,31.62108072048032,1.33422281521014,0.0,0.466977985323549,2.468312208138759,0.466977985323549,0.0,1.667778519012675,0.0,83.18879252835224,0.466977985323549,1.400933955970647,0.0,Dificil
CitaPreviaAgenciaTributariaH,48.72,17.3,30,673,6.092124814264487,1.9316493313521546,1.9316493313521546,0,0,0,0,0,0,26.448736998514114,1.0401188707280833,0.0,0.4457652303120357,0.2971768202080238,0.1485884101040119,0.0,0.1485884101040119,0.0,86.77563150074295,0.1485884101040119,0.7429420505200595,0.0,Dificil
CitaPreviaDGTH,48.65,17.7,29,745,4.563758389261745,2.0134228187919465,0.40268456375838924,0,0,0,0,0,0,31.140939597315437,0.9395973154362416,0.0,0.5369127516778524,0.6711409395973155,0.40268456375838924,0.0,0.8053691275167785,0.0,85.36912751677852,0.5369127516778524,0.40268456375838924,0.0,Dificil
CitaPreviaExtranjeriaHuellasH,39.69,37.8,10,361,5.2631578947368425,1.9390581717451523,3.0470914127423825,0,0,0,0,0,0,31.024930747922436,2.4930747922437675,0.0,0.2770083102493075,2.21606648199446,4.986149584487535,0.0,1.3850415512465375,0.0,82.82548476454294,0.554016620498615,0.8310249307479224,0.0,Dificil
CitaPreviaHaciendaH,48.72,17.3,30,673,6.092124814264487,1.9316493313521546,1.9316493313521546,0,0,0,0,0,0,26.448736998514114,1.0401188707280833,0.0,0.4457652303120357,0.2971768202080238,0.1485884101040119,0.0,0.1485884101040119,0.0,86.77563150074295,0.1485884101040119,0.7429420505200595,0.0,Dificil
CitaPreviaINEMTelefonoH,198.89,82.4,1,225,0.0,0.0,6.222222222222222,0,0,0,0,0,0,89.33333333333333,0.0,0.0,0.0,0.0,20.88888888888889,0.0,70.66666666666667,0.0,27.11111111111111,0.4444444444444444,1.3333333333333333,0.0,Dificil
CitaPreviaRenovarDNIPasaporteH,50.18,9.2,15,238,0.8403361344537815,2.9411764705882355,3.361344537815126,0,0,0,0,0,0,29.41176470588235,0.0,0.0,0.42016806722689076,0.0,1.2605042016806722,0.0,1.2605042016806722,0.0,87.39495798319328,1.2605042016806722,0.42016806722689076,0.0,Dificil
CitaPreviaSanitariaH,51.89,13.3,8,159,0.0,2.5157232704402515,2.5157232704402515,0,0,0,0,0,0,30.81761006289308,0.0,0.0,0.0,1.2578616352201257,0.0,0.0,0.6289308176100629,0.0,86.79245283018868,1.2578616352201257,0.0,0.0,Dificil
CitaPreviaSeguridadSocialH,47.96,18.8,4,134,2.2388059701492535,7.462686567164179,2.2388059701492535,0,0,0,0,0,0,31.34328358208955,0.0,0.0,0.0,3.7313432835820897,0.0,0.0,0.0,0.0,87.31343283582089,0.0,0.0,0.0,Dificil
CitaPreviaServicioSanitarioAndaluzH,47.23,15.3,4,91,3.2967032967032965,4.395604395604396,1.098901098901099,0,0,0,0,0,0,39.56043956043956,1.098901098901099,0.0,0.0,8.791208791208792,0.0,0.0,0.0,0.0,80.21978021978022,0.0,0.0,0.0,Dificil
CitaPreviaSESCAMH,55.46,24.0,5,189,1.0582010582010581,1.0582010582010581,2.6455026455026456,0,0,0,0,0,0,29.62962962962963,1.5873015873015872,0.0,0.5291005291005291,1.5873015873015872,2.6455026455026456,0.0,1.5873015873015872,0.0,82.53968253968254,0.0,0.0,0.0,Dificil
CitaPreviaVacunacionMadridH,42.16,17.0,7,136,1.4705882352941178,1.4705882352941178,2.9411764705882355,0,0,0,0,0,0,25.0,0.0,0.0,0.0,0.0,2.2058823529411766,0.0,3.676470588235294,0.0,87.5,0.0,0.0,0.0,Dificil
CobrarParoEmpezarTrabajarH,47.9,26.2,14,640,2.96875,2.8125,0.625,0,0,0,0,0,0,25.3125,0.78125,0.0,0.0,0.46875,0.3125,0.0,1.25,0.0,88.59375,0.15625,0.46875,0.0,Dificil
CobrarParoEnExtranjeroH,44.38,23.7,9,347,3.4582132564841497,1.1527377521613833,1.7291066282420748,0,0,0,0,0,0,28.530259365994237,1.1527377521613833,0.0,0.2881844380403458,2.3054755043227666,1.440922190201729,0.0,0.0,0.0,87.60806916426513,0.2881844380403458,0.0,0.0,Dificil
CobrarParoPluriempleoH,47.57,18.6,4,115,1.7391304347826086,1.7391304347826086,6.086956521739131,0,0,0,0,0,0,20.0,1.7391304347826086,0.0,0.8695652173913043,0.0,13.043478260869565,0.0,0.0,0.0,93.91304347826087,0.0,0.0,0.0,Dificil
CobrarParoReduceJornadaH,51.86,18.1,5,176,0.5681818181818182,2.840909090909091,2.272727272727273,0,0,0,0,0,0,23.295454545454547,0.0,0.0,0.0,0.5681818181818182,3.977272727272727,0.0,1.1363636363636365,0.0,88.63636363636364,0.0,0.5681818181818182,0.0,Dificil
CobrarParoTrabajarTiempoParcialH,40.13,29.0,8,291,3.0927835051546393,2.4054982817869415,1.0309278350515463,0,0,0,0,0,0,26.460481099656356,1.0309278350515463,0.0,0.0,1.0309278350515463,1.7182130584192439,0.0,1.3745704467353952,0.0,85.2233676975945,0.0,1.3745704467353952,0.0,Dificil
CobrarParoTrasBajaVoluntariaH,53.29,25.9,4,235,3.8297872340425534,0.425531914893617,0.425531914893617,0,0,0,0,0,0,20.851063829787233,0.851063829787234,0.0,0.851063829787234,0.0,2.978723404255319,0.0,0.0,0.0,93.19148936170212,0.0,0.0,0.0,Dificil
CompromisoActividadH,42.1,18.8,5,173,4.624277456647399,1.1560693641618498,1.1560693641618498,0,0,0,0,0,0,31.791907514450866,0.5780346820809249,0.0,0.5780346820809249,0.0,1.1560693641618498,0.0,0.5780346820809249,0.0,87.86127167630057,0.5780346820809249,0.0,0.0,Dificil
ConsultaDevolucionRentaH,39.78,35.7,1,83,1.2048192771084338,13.25301204819277,0.0,0,0,0,0,0,0,33.734939759036145,2.4096385542168677,0.0,0.0,8.433734939759036,0.0,0.0,4.819277108433735,0.0,80.72289156626506,0.0,1.2048192771084338,0.0,Dificil
ConsultarDudasSEPEH,47.95,10.3,19,438,1.1415525114155252,1.36986301369863,0.45662100456621,0,0,0,0,0,0,37.21461187214612,0.45662100456621,0.0,0.0,0.91324200913242,1.36986301369863,0.0,5.936073059360731,0.0,73.97260273972603,0.45662100456621,0.228310502283105,0.0,Dificil
ContratoEnPracticasH,45.0,24.3,9,159,5.031446540880503,1.8867924528301887,1.2578616352201257,0,0,0,0,0,0,30.81761006289308,0.6289308176100629,0.0,0.6289308176100629,1.2578616352201257,1.8867924528301887,0.0,0.6289308176100629,0.0,84.27672955974843,0.0,0.0,0.0,Dificil
ContratoIndefinidoApoyoEmprendedoresH,42.43,44.9,10,341,4.39882697947214,2.932551319648094,0.5865102639296188,0,0,0,0,0,0,33.43108504398827,1.1730205278592376,0.0,0.2932551319648094,0.2932551319648094,2.346041055718475,0.0,1.1730205278592376,0.0,83.87096774193549,0.2932551319648094,0.0,0.0,Dificil
ContratoIndefinidoH,43.15,18.9,3,112,3.5714285714285716,1.7857142857142858,0.0,0,0,0,0,0,0,29.464285714285715,0.8928571428571429,0.0,0.0,0.0,0.0,0.0,0.0,0.0,89.28571428571429,0.8928571428571429,0.0,0.0,Dificil
ContratoTemporalH,48.8,20.7,2,76,3.9473684210526314,1.3157894736842106,0.0,0,0,0,0,0,0,21.05263157894737,2.6315789473684212,0.0,0.0,0.0,0.0,0.0,0.0,0.0,90.78947368421052,0.0,0.0,0.0,Dificil
ConvenioColectivoH,43.2,22.0,8,178,5.617977528089888,0.0,0.0,0,0,0,0,0,0,29.213483146067414,1.6853932584269662,0.0,0.5617977528089888,0.0,0.5617977528089888,0.0,0.0,0.0,92.69662921348315,1.1235955056179776,0.0,0.0,Dificil
CoordinacionServiciosAutonomosEmpleoH,35.76,162.1,12,434,4.147465437788019,0.9216589861751152,0.4608294930875576,0,0,0,0,0,0,27.1889400921659,2.9953917050691246,0.0,0.2304147465437788,2.7649769585253456,1.152073732718894,0.0,0.0,0.0,90.09216589861751,0.2304147465437788,0.2304147465437788,0.0,Dificil
CuandoObligatoriaDeclaracionRentaH,42.21,27.8,20,718,3.481894150417827,2.5069637883008355,0.0,0,0,0,0,0,0,39.55431754874652,1.8105849582172702,0.0,0.5571030640668524,0.8356545961002786,0.0,0.0,1.9498607242339834,0.0,86.0724233983287,0.9749303621169917,0.1392757660167131,0.0,Dificil
CuentaBancariaH,45.11,13.3,20,382,2.094240837696335,0.7853403141361257,2.094240837696335,0,0,0,0,0,0,27.74869109947644,0.7853403141361257,0.0,0.2617801047120419,0.2617801047120419,2.094240837696335,0.0,0.5235602094240838,0.0,87.17277486910994,0.0,1.0471204188481675,0.0,Dificil
CurriculumEuropeoH,56.86,31.8,5,71,0.0,0.0,0.0,0,0,0,0,0,0,33.80281690140845,1.408450704225352,0.0,0.0,0.0,2.816901408450704,0.0,0.0,0.0,87.32394366197182,0.0,0.0,0.0,Dificil
CursosINEMH,45.58,28.6,30,557,5.745062836624776,0.718132854578097,0.5385996409335727,0,0,0,0,0,0,32.49551166965889,1.2567324955116697,0.0,0.8976660682226212,0.17953321364452424,0.3590664272890485,0.0,1.436265709156194,0.0,82.76481149012567,0.3590664272890485,0.17953321364452424,0.0,Dificil
DARDEH,44.54,22.7,4,112,6.25,0.0,3.5714285714285716,0,0,0,0,0,0,28.571428571428573,3.5714285714285716,0.0,0.0,1.7857142857142858,5.357142857142857,0.0,0.0,0.0,80.35714285714286,0.0,0.8928571428571429,0.0,Dificil
DarseBajaParoH,42.1,20.4,10,361,3.601108033240997,1.9390581717451523,1.10803324099723,0,0,0,0,0,0,28.808864265927976,0.8310249307479224,0.0,0.2770083102493075,1.9390581717451523,1.9390581717451523,0.0,2.4930747922437675,0.0,84.7645429362881,0.2770083102493075,0.2770083102493075,0.0,Dificil
DeclaracionDeLaRentaH,48.55,31.8,5,157,0.6369426751592356,0.6369426751592356,1.910828025477707,0,0,0,0,0,0,38.21656050955414,0.0,0.0,0.0,2.5477707006369426,3.1847133757961785,0.0,2.5477707006369426,0.0,85.35031847133757,0.6369426751592356,2.5477707006369426,0.0,Dificil
DeclaracionDeLaRentaWebH,48.93,32.7,5,160,1.25,0.625,1.25,0,0,0,0,0,0,36.875,0.625,0.0,0.0,0.625,3.125,0.0,3.75,0.0,84.375,0.625,2.5,0.0,Dificil
DemandaEmpleoH,45.37,18.7,13,349,3.7249283667621778,2.005730659025788,1.146131805157593,0,0,0,0,0,0,27.507163323782233,1.146131805157593,0.0,0.28653295128939826,0.0,0.5730659025787965,0.0,1.146131805157593,0.0,84.81375358166189,0.0,0.28653295128939826,0.0,Dificil
DiasHabilesH,30.31,63.0,2,161,1.8633540372670807,0.0,3.1055900621118013,0,0,0,0,0,0,44.099378881987576,3.1055900621118013,0.0,0.0,2.484472049689441,0.0,0.0,1.2422360248447204,0.0,80.74534161490683,3.7267080745341614,0.0,0.0,Dificil
DNIElectronicoH,41.66,25.6,8,341,2.346041055718475,0.2932551319648094,1.466275659824047,0,0,0,0,0,0,29.032258064516128,1.1730205278592376,0.0,1.1730205278592376,3.225806451612903,0.2932551319648094,0.0,0.8797653958944281,0.0,84.75073313782991,1.1730205278592376,1.1730205278592376,0.0,Dificil
DocumentacionPedirParoH,44.45,20.8,12,415,3.3734939759036147,1.6867469879518073,1.4457831325301205,0,0,0,0,0,0,27.46987951807229,0.963855421686747,0.0,0.24096385542168675,2.1686746987951806,0.4819277108433735,0.0,0.24096385542168675,0.0,86.98795180722891,0.0,1.2048192771084338,0.0,Dificil
EREH,54.96,172.5,24,474,1.2658227848101267,2.320675105485232,5.485232067510548,0,0,0,0,0,0,30.168776371308017,0.0,0.0,0.2109704641350211,0.6329113924050633,0.6329113924050633,0.0,0.2109704641350211,0.0,78.05907172995781,2.109704641350211,3.1645569620253164,0.0,Dificil
ExpedienteINEMH,50.29,12.4,6,138,1.4492753623188406,0.7246376811594203,0.7246376811594203,0,0,0,0,0,0,28.985507246376812,0.0,0.0,0.0,0.7246376811594203,0.7246376811594203,0.0,0.0,0.0,86.95652173913044,0.7246376811594203,0.0,0.0,Dificil
ExportarParoH,42.15,22.4,16,647,3.8639876352395675,2.009273570324575,1.3910355486862442,0,0,0,0,0,0,27.202472952086552,1.3910355486862442,0.0,0.3091190108191654,1.2364760432766615,0.7727975270479135,0.0,0.1545595054095827,0.0,89.02627511591963,0.1545595054095827,0.0,0.0,Dificil
InformeeVidaLaboralCertificadoDigitalH,50.27,17.1,12,278,3.597122302158273,0.7194244604316546,0.7194244604316546,0,0,0,0,0,0,26.258992805755394,0.0,0.0,0.0,0.0,1.079136690647482,0.0,0.3597122302158273,0.0,88.84892086330935,1.079136690647482,0.0,0.0,Dificil
InscribirseGarantiaJuvenilH,50.53,26.8,15,430,3.953488372093023,2.558139534883721,0.46511627906976744,0,0,0,0,0,0,25.58139534883721,0.0,0.0,0.0,0.0,1.3953488372093024,0.0,0.46511627906976744,0.0,89.06976744186046,0.46511627906976744,0.46511627906976744,0.0,Dificil
InstalarActivarDNIElectronicoH,46.35,27.4,31,943,2.1208907741251326,2.1208907741251326,5.1961823966065745,0,0,0,0,0,0,45.705196182396605,1.1664899257688228,0.0,0.7423117709437964,3.0752916224814424,1.696712619300106,0.0,1.9088016967126193,0.0,72.8525980911983,1.8027571580063626,2.863202545068929,0.0,Dificil
IPREM2019H,48.22,15.9,8,244,2.0491803278688523,0.819672131147541,4.918032786885246,0,0,0,0,0,0,31.147540983606557,1.2295081967213115,0.0,0.0,0.819672131147541,1.2295081967213115,0.0,0.819672131147541,0.0,84.01639344262296,0.0,0.4098360655737705,0.0,Dificil
NuevaAyudaDesempleadosH,47.1,21.2,46,1311,6.636155606407323,1.0678871090770403,1.2967200610221206,0,0,0,0,0,0,25.93440122044241,1.4492753623188406,0.0,0.6102212051868803,1.9069412662090008,0.6102212051868803,0.0,1.4492753623188406,0.0,86.65141113653699,0.4576659038901602,0.38138825324180015,0.0,Dificil
OficinasSEPEH,146.66,14.6,2,73,0.0,0.0,0.0,0,0,0,0,0,0,60.273972602739725,0.0,0.0,0.0,0.0,1.36986301369863,0.0,0.0,0.0,95.89041095890411,0.0,0.0,0.0,Dificil
OficinaVirtualEmpleoH,49.18,21.3,2,63,3.1746031746031744,0.0,3.1746031746031744,0,0,0,0,0,0,28.571428571428573,6.349206349206349,0.0,0.0,0.0,14.285714285714286,0.0,0.0,0.0,95.23809523809524,0.0,0.0,0.0,Dificil
OlvidoSellarParoH,51.32,11.4,7,163,0.6134969325153374,0.0,3.067484662576687,0,0,0,0,0,0,31.901840490797547,0.6134969325153374,0.0,0.0,1.2269938650306749,7.975460122699387,0.0,0.6134969325153374,0.0,86.50306748466258,1.2269938650306749,0.0,0.0,Dificil
PagarMultasTraficoH,49.47,15.3,44,871,6.199770378874857,1.9517795637198623,0.4592422502870264,0,0,0,0,0,0,29.73593570608496,1.2629161882893227,0.0,0.574052812858783,1.2629161882893227,0.4592422502870264,0.0,1.722158438576349,0.0,82.548794489093,0.4592422502870264,0.8036739380022963,0.0,Dificil
PagoUnicoH,47.48,22.4,11,457,5.470459518599562,2.4070021881838075,0.2188183807439825,0,0,0,0,0,0,21.2253829321663,0.87527352297593,0.0,0.437636761487965,0.0,0.6564551422319475,0.0,0.2188183807439825,0.0,92.12253829321664,0.2188183807439825,0.437636761487965,0.0,Dificil
ParoEn2019H,48.47,38.2,2,217,1.3824884792626728,0.9216589861751152,5.0691244239631335,0,0,0,0,0,0,47.92626728110599,1.3824884792626728,0.0,0.4608294930875576,5.990783410138249,1.3824884792626728,0.0,6.451612903225806,0.0,64.97695852534562,0.0,0.0,0.0,Dificil
ParoPrimeraVezH,41.55,24.2,37,1258,8.426073131955485,3.100158982511924,0.9538950715421304,0,0,0,0,0,0,24.880763116057235,1.2718600953895072,0.0,0.4769475357710652,0.6359300476947536,0.5564387917329093,0.0,0.1589825119236884,0.0,85.93004769475358,0.4769475357710652,0.2384737678855326,0.0,Dificil
ParoSiendoFamiliarEmpresarioH,48.69,20.0,9,392,2.806122448979592,3.061224489795918,2.0408163265306123,0,0,0,0,0,0,23.724489795918366,0.25510204081632654,0.0,0.0,1.0204081632653061,2.295918367346939,0.0,1.0204081632653061,0.0,88.77551020408163,0.7653061224489796,0.25510204081632654,0.0,Dificil
PedirCitaSEPEH,41.09,19.5,7,196,1.530612244897959,0.5102040816326531,3.061224489795918,0,0,0,0,0,0,37.755102040816325,3.061224489795918,0.0,0.0,8.16326530612245,3.061224489795918,0.0,0.5102040816326531,0.0,80.10204081632654,0.0,0.5102040816326531,0.0,Dificil
PedirTarjetaParoH,46.2,18.7,4,152,2.6315789473684212,2.6315789473684212,2.6315789473684212,0,0,0,0,0,0,23.68421052631579,0.6578947368421053,0.0,0.6578947368421053,3.9473684210526314,3.289473684210526,0.0,0.0,0.0,86.1842105263158,0.0,0.6578947368421053,0.0,Dificil
PlanRetornoDobleNacionalidadH,48.51,26.2,22,865,5.5491329479768785,1.2716763005780347,0.6936416184971098,0,0,0,0,0,0,23.352601156069365,0.5780346820809249,0.0,0.23121387283236994,0.5780346820809249,0.4624277456647399,0.0,0.11560693641618497,0.0,88.90173410404624,0.23121387283236994,0.8092485549132948,0.0,Dificil
PrestacionCeseActividadAutonomoH,44.95,19.0,14,489,5.316973415132924,0.0,1.0224948875255624,0,0,0,0,0,0,24.948875255623722,0.40899795501022496,0.0,0.20449897750511248,1.2269938650306749,0.8179959100204499,0.0,2.4539877300613497,0.0,86.50306748466258,0.20449897750511248,0.0,0.0,Dificil
PrestacionDesempleoEREExtincionH,44.83,20.0,18,619,5.815831987075929,2.10016155088853,1.938610662358643,0,0,0,0,0,0,23.101777059773827,1.2924071082390953,0.0,0.32310177705977383,0.8077544426494345,0.6462035541195477,0.0,0.8077544426494345,0.0,87.23747980613894,0.32310177705977383,0.8077544426494345,0.0,Dificil
PrestacionDesempleoH,48.08,16.5,22,574,4.006968641114983,1.7421602787456445,1.5679442508710801,0,0,0,0,0,0,21.60278745644599,0.5226480836236934,0.0,0.34843205574912894,0.6968641114982579,0.5226480836236934,0.0,0.6968641114982579,0.0,90.06968641114983,0.17421602787456447,0.5226480836236934,0.0,Dificil
PrestacionMaternidadH,45.09,30.7,12,439,2.9612756264236904,2.9612756264236904,1.5945330296127562,0,0,0,0,0,0,23.462414578587698,0.9111617312072893,0.0,0.0,0.683371298405467,1.366742596810934,0.0,0.22779043280182232,0.0,89.749430523918,0.683371298405467,0.45558086560364464,0.0,Dificil
QuienesObligadosDeclaracionRentaH,42.21,25.9,20,718,3.481894150417827,2.5069637883008355,0.0,0,0,0,0,0,0,39.55431754874652,1.8105849582172702,0.0,0.5571030640668524,0.8356545961002786,0.0,0.0,1.9498607242339834,0.0,86.0724233983287,0.9749303621169917,0.1392757660167131,0.0,Dificil
ReferenciaCatastralInmuebleH,40.05,29.2,32,859,5.9371362048894065,2.561117578579744,0.46565774155995343,0,0,0,0,0,0,31.19906868451688,2.3282887077997674,0.0,0.5820721769499418,0.46565774155995343,0.0,0.0,0.3492433061699651,0.0,86.72875436554132,0.8149010477299186,0.3492433061699651,0.0,Dificil
RentaAgrariaH,45.31,12.6,22,481,4.158004158004158,1.4553014553014554,2.079002079002079,0,0,0,0,0,0,28.482328482328484,1.0395010395010396,0.0,0.4158004158004158,0.8316008316008316,1.2474012474012475,0.0,2.286902286902287,0.0,87.31808731808732,0.2079002079002079,0.6237006237006237,0.0,Dificil
RentaMinimaDeInsercionH,47.18,27.6,23,586,5.460750853242321,1.1945392491467577,0.5119453924914675,0,0,0,0,0,0,30.034129692832764,1.023890784982935,0.0,0.8532423208191127,1.7064846416382253,0.3412969283276451,0.0,1.8771331058020477,0.0,85.83617747440273,0.8532423208191127,0.17064846416382254,0.0,Dificil
RenunciaPrestacionesDesempleoH,40.7,13.5,8,205,1.951219512195122,2.4390243902439024,3.902439024390244,0,0,0,0,0,0,22.926829268292682,0.975609756097561,0.0,0.975609756097561,0.975609756097561,3.902439024390244,0.0,0.0,0.0,86.82926829268293,0.975609756097561,1.951219512195122,0.0,Dificil
RetornoVoluntarioH,37.31,43.7,38,1397,6.0844667143879745,2.290622763063708,0.4294917680744452,0,0,0,0,0,0,29.63493199713672,2.5053686471009304,0.0,0.35790980672870437,1.0737294201861132,1.0021474588403723,0.0,1.8611309949892627,0.0,85.89835361488905,0.4294917680744452,0.35790980672870437,0.0,Dificil
SalariosSocialesH,44.32,18.1,18,497,3.8229376257545273,2.6156941649899395,3.2193158953722336,0,0,0,0,0,0,28.973843058350102,0.8048289738430584,0.0,0.4024144869215292,3.2193158953722336,0.4024144869215292,0.0,1.0060362173038229,0.0,86.11670020120724,1.2072434607645874,1.0060362173038229,0.0,Dificil
SeguridadSocialH,47.29,26.2,9,405,2.4691358024691357,0.0,1.728395061728395,0,0,0,0,0,0,24.938271604938272,0.7407407407407407,0.0,0.24691358024691357,2.962962962962963,0.24691358024691357,0.0,0.24691358024691357,0.0,88.64197530864197,0.0,0.49382716049382713,0.0,Dificil
SellarParoPorInternetH,46.29,13.5,19,324,2.4691358024691357,1.2345679012345678,0.9259259259259259,0,0,0,0,0,0,33.333333333333336,1.5432098765432098,0.0,0.6172839506172839,1.5432098765432098,1.5432098765432098,0.0,2.4691358024691357,0.0,81.48148148148148,0.30864197530864196,0.6172839506172839,0.0,Dificil
SistemaCl@vePinH,48.85,13.2,8,173,0.0,0.5780346820809249,7.514450867052023,0,0,0,0,0,0,41.61849710982659,0.5780346820809249,0.0,0.0,5.780346820809249,0.0,0.0,0.5780346820809249,0.0,78.03468208092485,0.0,1.1560693641618498,0.0,Dificil
SistemaNacionalGarantiaJuvenilH,51.28,19.7,14,387,3.6175710594315245,2.842377260981912,0.5167958656330749,0,0,0,0,0,0,22.997416020671835,0.0,0.0,0.0,0.0,1.2919896640826873,0.0,0.5167958656330749,0.0,91.47286821705427,0.5167958656330749,0.0,0.0,Dificil
SolicitarBorradorDeclaracionRentaH,45.7,19.4,33,919,2.720348204570185,1.9586507072905333,3.9173014145810665,0,0,0,0,0,0,33.949945593035906,1.088139281828074,0.0,0.544069640914037,1.9586507072905333,0.6528835690968444,0.0,1.088139281828074,0.0,82.3721436343852,0.9793253536452666,0.4352557127312296,0.0,Dificil
SolicitarCertificadoIRPFH,40.75,17.6,33,878,2.277904328018223,0.9111617312072893,3.416856492027335,0,0,0,0,0,0,27.107061503416855,1.1389521640091116,0.0,0.683371298405467,0.683371298405467,0.3416856492027335,0.0,0.7972665148063781,0.0,86.33257403189066,0.22779043280182232,0.22779043280182232,0.0,Dificil
SolicitarInformeVidaLaboralGeneralH,50.27,17.1,12,278,3.597122302158273,0.7194244604316546,0.7194244604316546,0,0,0,0,0,0,26.258992805755394,0.0,0.0,0.0,0.0,1.079136690647482,0.0,0.3597122302158273,0.0,88.84892086330935,1.079136690647482,0.0,0.0,Dificil
SubsidioMayores45H,44.99,15.9,24,555,2.7027027027027026,1.2612612612612613,1.6216216216216217,0,0,0,0,0,0,27.92792792792793,0.7207207207207207,0.0,0.18018018018018017,1.0810810810810811,0.7207207207207207,0.0,1.0810810810810811,0.0,87.02702702702703,1.0810810810810811,0.5405405405405406,0.0,Dificil
TarjetaSanitariaEuropeaH,49.35,26.0,16,684,4.093567251461988,1.1695906432748537,3.3625730994152048,0,0,0,0,0,0,36.40350877192982,1.3157894736842106,0.0,0.14619883040935672,4.5321637426900585,0.14619883040935672,0.0,0.7309941520467836,0.0,80.70175438596492,0.5847953216374269,0.5847953216374269,0.0,Dificil
TelefonoInformacionSEPEH,45.24,9.6,17,360,0.8333333333333334,1.1111111111111112,0.5555555555555556,0,0,0,0,0,0,39.44444444444444,0.5555555555555556,0.0,0.0,0.8333333333333334,1.3888888888888888,0.0,6.944444444444445,0.0,70.27777777777777,0.5555555555555556,0.2777777777777778,0.0,Dificil
TelefonosHaciendaAgenciaTributariaH,55.78,11.2,18,356,0.2808988764044944,1.1235955056179776,0.5617977528089888,0,0,0,0,0,0,48.87640449438202,0.0,0.0,0.0,4.49438202247191,0.2808988764044944,0.0,16.573033707865168,0.0,65.4494382022472,0.0,0.0,0.0,Dificil
TrabajadoresParoDerechoVacacionesH,47.18,15.8,4,114,0.0,0.0,0.8771929824561403,0,0,0,0,0,0,28.07017543859649,0.8771929824561403,0.0,0.8771929824561403,0.0,7.894736842105263,0.0,0.0,0.0,90.35087719298245,0.0,0.0,0.0,Dificil
TramitesDGTH,63.62,12.0,4,126,0.7936507936507936,0.0,9.523809523809524,0,0,0,0,0,0,38.095238095238095,0.0,0.0,0.0,0.0,3.1746031746031744,0.0,10.317460317460318,0.0,76.98412698412699,0.7936507936507936,0.0,0.0,Dificil
TramitesExtranjeriaEnEspañaH,39.99,109.4,5,295,2.3728813559322033,1.0169491525423728,1.0169491525423728,0,0,0,0,0,0,40.0,2.3728813559322033,0.0,0.3389830508474576,1.694915254237288,0.0,0.0,0.3389830508474576,0.0,85.76271186440678,0.0,0.0,0.0,Dificil
TramitesHaciendaH,36.86,27.3,3,115,0.0,4.3478260869565215,3.4782608695652173,0,0,0,0,0,0,38.26086956521739,3.4782608695652173,0.0,0.0,1.7391304347826086,0.0,0.0,0.0,0.0,84.34782608695652,0.0,0.0,0.0,Dificil
TramitesINEMH,49.74,30.4,2,122,4.918032786885246,1.639344262295082,1.639344262295082,0,0,0,0,0,0,22.131147540983605,0.819672131147541,0.0,0.0,1.639344262295082,0.0,0.0,0.0,0.0,95.08196721311475,0.0,0.0,0.0,Dificil
VacacionesNoDisfrutadasParoH,47.84,20.2,8,306,2.6143790849673203,2.6143790849673203,4.901960784313726,0,0,0,0,0,0,18.627450980392158,0.0,0.0,0.0,0.0,7.189542483660131,0.0,0.0,0.0,90.52287581699346,1.3071895424836601,0.0,0.0,Dificil
VerDatosEnLaSeguridadSocialH,47.46,12.4,7,133,0.7518796992481203,0.0,1.5037593984962405,0,0,0,0,0,0,34.58646616541353,1.5037593984962405,0.0,0.0,3.007518796992481,3.7593984962406015,0.0,0.0,0.0,79.69924812030075,3.007518796992481,0.7518796992481203,0.0,Dificil
VidaLaboralH,50.8,20.4,13,285,3.508771929824561,0.7017543859649122,0.7017543859649122,0,0,0,0,0,0,25.614035087719298,0.0,0.0,0.0,0.0,1.0526315789473684,0.0,0.3508771929824561,0.0,90.52631578947368,1.0526315789473684,0.0,0.0,Dificil
AbogadosLaboristasAsesoramiento,47.04,23.7,23,812,4.679802955665025,1.2315270935960592,0.7389162561576355,0,0,0,0,0,0,29.926108374384235,1.1083743842364533,0.0,0.49261083743842365,1.1083743842364533,0.0,0.0,0.24630541871921183,0.0,90.27093596059113,0.49261083743842365,0.12315270935960591,0.0,Facil
AdministraciónPúblicaElectrónica,40.73,27.9,10,457,1.9693654266958425,0.87527352297593,0.87527352297593,0,0,0,0,0,0,38.51203501094092,2.8446389496717726,0.0,0.0,0.6564551422319475,0.2188183807439825,0.0,0.2188183807439825,0.0,84.46389496717724,0.2188183807439825,0.437636761487965,0.0,Facil
AltaAutonomosDiseñadoresProgramadores,50.58,15.5,32,859,3.492433061699651,2.7939464493597206,2.0954598370197903,0,0,0,0,0,0,31.78114086146682,0.23282887077997672,0.0,0.3492433061699651,1.979045401629802,0.23282887077997672,0.0,1.5133876600698486,0.0,84.63329452852153,0.6984866123399301,1.280558789289872,0.0,Facil
AnularCitaPreviaINEM,56.3,13.5,29,769,4.9414824447334205,0.6501950585175552,2.340702210663199,0,0,0,0,0,0,28.47854356306892,0.7802340702210663,0.0,0.6501950585175552,2.600780234070221,0.39011703511053314,0.0,1.5604681404421326,0.0,83.6150845253576,0.7802340702210663,0.39011703511053314,0.0,Facil
APPAgenciaTributariaRenta2019,45.2,15.0,28,769,1.5604681404421326,1.5604681404421326,1.6905071521456436,0,0,0,0,0,0,35.890767230169054,1.9505851755526658,0.0,0.0,1.3003901170351104,0.26007802340702213,0.0,4.9414824447334205,0.0,80.62418725617685,1.4304291287386215,0.6501950585175552,0.0,Facil
APRE,55.32,16.5,23,625,5.44,0.64,1.6,0,0,0,0,0,0,32.0,0.0,0.0,0.16,1.92,0.0,0.0,2.08,0.0,81.92,0.32,1.44,0.0,Facil
AutocalculoPrestacionesParo,49.8,23.8,18,612,3.104575163398693,1.4705882352941178,1.4705882352941178,0,0,0,0,0,0,28.104575163398692,0.49019607843137253,0.0,0.32679738562091504,1.7973856209150327,0.0,0.0,0.8169934640522876,0.0,85.29411764705883,0.16339869281045752,0.9803921568627451,0.0,Facil
AutónomosAcreditarCeseFacil,44.64,16.2,50,1337,5.68436798803291,1.8698578908002992,1.1219147344801794,0,0,0,0,0,0,26.62677636499626,1.1219147344801794,0.0,0.5983545250560958,2.019446522064323,0.5235602094240838,0.0,0.8227374719521316,0.0,87.95811518324608,0.07479431563201197,0.0,0.0,Facil
AyudaFamiliarDesempleados,50.24,18.8,54,1657,7.24200362100181,0.7845503922751962,0.8449004224502112,0,0,0,0,0,0,37.175618587809296,1.0863005431502715,0.0,0.3621001810500905,3.017501508750754,0.12070006035003017,0.0,3.7417018708509353,0.0,80.74834037417018,0.30175015087507545,0.18105009052504525,0.0,Facil
AyudaLiberadosPrision,49.16,17.6,41,1328,7.153614457831325,1.1295180722891567,0.7530120481927711,0,0,0,0,0,0,31.400602409638555,0.9789156626506024,0.0,0.15060240963855423,2.4849397590361444,0.0,0.0,1.6566265060240963,0.0,85.31626506024097,0.5271084337349398,0.22590361445783133,0.0,Facil
AyudasAlquilerViviendaFacil,49.04,23.7,46,1729,4.626951995373048,2.0821283979178715,1.214574898785425,0,0,0,0,0,0,30.942741469057257,0.578368999421631,0.0,0.0578368999421631,2.5448235974551765,1.214574898785425,0.0,1.214574898785425,0.0,87.27588201272413,0.4048582995951417,0.4048582995951417,0.0,Facil
AyudasAutonomosParoFacil,50.79,16.2,43,1133,9.090909090909092,0.44130626654898497,0.794351279788173,0,0,0,0,0,0,32.21535745807591,0.794351279788173,0.0,0.44130626654898497,1.853486319505737,0.176522506619594,0.0,0.794351279788173,0.0,84.99558693733451,0.176522506619594,0.44130626654898497,0.0,Facil
AyudasDesempleadosMayores45,49.24,17.3,22,775,1.6774193548387097,0.3870967741935484,1.1612903225806452,0,0,0,0,0,0,37.41935483870968,0.9032258064516129,0.0,0.25806451612903225,2.5806451612903225,0.0,0.0,3.7419354838709675,0.0,84.64516129032258,0.12903225806451613,0.12903225806451613,0.0,Facil
AyudasDespuesParo,48.78,15.6,43,960,3.75,1.875,1.7708333333333333,0,0,0,0,0,0,42.1875,1.3541666666666667,0.0,0.3125,2.2916666666666665,1.875,0.0,2.3958333333333335,0.0,84.0625,0.20833333333333334,0.0,0.0,Facil
AyudasEmigrantesRetornados,53.09,16.8,55,1476,3.9295392953929538,0.5420054200542005,1.6937669376693767,0,0,0,0,0,0,37.53387533875339,0.27100271002710025,0.0,0.06775067750677506,1.9647696476964769,1.2872628726287263,0.0,2.845528455284553,0.0,84.14634146341463,0.13550135501355012,0.2032520325203252,0.0,Facil
AyudasParadosLargaDuracionFacil,49.23,19.7,30,1171,3.2450896669513236,1.0247651579846284,3.5012809564474807,0,0,0,0,0,0,30.913748932536294,1.1101622544833476,0.0,0.3415883859948762,3.842869342442357,0.6831767719897524,0.0,2.049530315969257,0.0,86.16567036720751,0.4269854824935952,0.2561912894961571,0.0,Facil
AyudasRetornoHumanitario,46.26,15.1,32,695,4.748201438848921,1.2949640287769784,0.4316546762589928,0,0,0,0,0,0,30.359712230215827,2.014388489208633,0.0,0.28776978417266186,0.28776978417266186,0.0,0.0,1.0071942446043165,0.0,88.63309352517986,0.0,0.14388489208633093,0.0,Facil
AyudasVictimasViolenciaGeneroFacil,50.81,21.1,30,998,9.218436873747494,2.1042084168336674,1.9038076152304608,0,0,0,0,0,0,27.55511022044088,0.6012024048096193,0.0,0.0,2.50501002004008,0.0,0.0,1.503006012024048,0.0,86.37274549098197,0.30060120240480964,0.20040080160320642,0.0,Facil
BecasParo,47.79,20.6,54,1657,5.612552806276403,1.2070006035003018,1.1466505733252867,0,0,0,0,0,0,29.088714544357273,0.724200362100181,0.0,0.4224502112251056,1.1466505733252867,0.4224502112251056,0.0,0.8449004224502112,0.0,87.02474351237176,0.3621001810500905,0.30175015087507545,0.0,Facil
BuscarConvenioColectivo,50.44,23.9,25,905,3.2044198895027622,1.2154696132596685,0.5524861878453039,0,0,0,0,0,0,35.91160220994475,0.8839779005524862,0.0,0.22099447513812154,1.988950276243094,0.0,0.0,0.3314917127071823,0.0,86.29834254143647,0.4419889502762431,0.3314917127071823,0.0,Facil
CalendarioDelContribuyente,49.03,25.8,14,725,1.103448275862069,1.103448275862069,1.9310344827586208,0,0,0,0,0,0,34.206896551724135,0.5517241379310345,0.0,0.27586206896551724,1.3793103448275863,0.13793103448275862,0.13793103448275862,5.655172413793103,0.0,83.72413793103448,0.0,0.13793103448275862,0.0,Facil
CambioDomicilioINEM,48.84,18.1,31,902,3.991130820399113,0.6651884700665188,1.9955654101995566,0,0,0,0,0,0,25.609756097560975,0.7760532150776053,0.0,0.5543237250554324,2.2172949002217295,0.4434589800443459,0.0,0.22172949002217296,0.0,87.91574279379158,0.11086474501108648,0.5543237250554324,0.0,Facil
CertificadoDefuncion,49.29,14.5,51,1043,3.2598274209012463,0.7670182166826462,0.7670182166826462,0,0,0,0,0,0,30.68072866730585,0.862895493767977,0.0,0.19175455417066156,0.9587727708533078,0.3835091083413231,0.0,0.7670182166826462,0.0,87.72770853307766,0.28763183125599234,0.28763183125599234,0.0,Facil
CertificadoDelitosSexuales,49.43,19.6,33,1158,5.872193436960276,1.468048359240069,0.690846286701209,0,0,0,0,0,0,31.51986183074266,1.0362694300518134,0.0,0.9499136442141624,1.9861830742659758,0.0,0.0,0.5181347150259067,0.0,87.30569948186529,0.25906735751295334,0.5181347150259067,0.0,Facil
CertificadoDigitalFacil,47.78,19.5,14,409,2.93398533007335,2.2004889975550124,0.7334963325183375,0,0,0,0,0,0,32.27383863080684,1.466992665036675,0.0,0.4889975550122249,0.4889975550122249,0.24449877750611246,0.0,0.0,0.0,85.81907090464547,0.4889975550122249,0.7334963325183375,0.0,Facil
CertificadoEmpresa,47.21,18.8,38,980,6.73469387755102,1.6326530612244898,1.530612244897959,0,0,0,0,0,0,24.591836734693878,0.7142857142857143,0.0,0.6122448979591837,1.1224489795918366,0.30612244897959184,0.0,0.5102040816326531,0.0,86.42857142857143,0.8163265306122449,0.7142857142857143,0.0,Facil
CertificadoFacil,47.04,19.6,16,609,4.761904761904762,1.477832512315271,1.6420361247947455,0,0,0,0,0,0,29.064039408866996,1.3136288998357963,0.0,0.49261083743842365,2.6272577996715927,0.49261083743842365,0.0,2.955665024630542,0.0,83.2512315270936,0.49261083743842365,1.1494252873563218,0.0,Facil
CertificadoMatrimonioWeb,48.14,15.5,84,1827,5.090311986863711,1.0399562123700055,1.20415982484948,0,0,0,0,0,0,30.979748221127533,1.0399562123700055,0.0,0.5473453749315819,1.3136288998357963,0.16420361247947454,0.0,0.7115489874110563,0.0,85.71428571428571,0.60207991242474,0.60207991242474,0.0,Facil
CertificadoRetencionesIRPF2019Facil,51.4,18.5,23,752,2.2606382978723403,1.7287234042553192,4.787234042553192,0,0,0,0,0,0,33.37765957446808,0.39893617021276595,0.0,0.26595744680851063,3.4574468085106385,0.5319148936170213,0.0,2.6595744680851063,0.0,82.57978723404256,0.5319148936170213,2.2606382978723403,0.0,Facil
Certificados,43.35,18.8,36,1085,4.88479262672811,1.2903225806451613,0.4608294930875576,0,0,0,0,0,0,25.99078341013825,1.1981566820276497,0.0,0.5529953917050692,2.488479262672811,0.4608294930875576,0.0,0.18433179723502305,0.0,88.47926267281106,0.3686635944700461,0.09216589861751152,0.0,Facil
CertificadosDigitales,47.67,18.7,27,690,3.1884057971014492,1.8840579710144927,2.028985507246377,0,0,0,0,0,0,31.304347826086957,1.1594202898550725,0.0,0.43478260869565216,0.5797101449275363,0.0,0.0,0.0,0.0,87.10144927536231,0.43478260869565216,1.3043478260869565,0.0,Facil
CitaPreviaAgenciaTributaria,49.22,14.3,66,1720,3.6627906976744184,1.627906976744186,1.686046511627907,0,0,0,0,0,0,29.941860465116278,1.0465116279069768,0.0,0.29069767441860467,0.5232558139534884,0.0,0.0,2.9651162790697674,0.0,83.72093023255815,0.5232558139534884,0.29069767441860467,0.0,Facil
CitaPreviaDGT,51.27,14.6,56,1041,3.8424591738712777,1.344860710854947,1.7291066282420748,0,0,0,0,0,0,33.525456292026895,0.5763688760806917,0.0,0.38424591738712777,1.344860710854947,0.09606147934678194,0.0,0.8645533141210374,0.0,83.76560999039386,0.8645533141210374,0.19212295869356388,0.0,Facil
CitaPreviaDGTFacil,51.27,14.6,56,1041,3.8424591738712777,1.344860710854947,1.7291066282420748,0,0,0,0,0,0,33.525456292026895,0.5763688760806917,0.0,0.38424591738712777,1.344860710854947,0.09606147934678194,0.0,0.8645533141210374,0.0,83.76560999039386,0.8645533141210374,0.19212295869356388,0.0,Facil
CitaPreviaExtranjeriaHuellas,55.73,26.6,26,1495,2.6755852842809364,1.939799331103679,0.6688963210702341,0,0,0,0,0,0,56.8561872909699,0.9364548494983278,0.0,0.0,3.277591973244147,0.5351170568561873,0.0,24.548494983277592,0.0,57.65886287625418,0.802675585284281,0.8695652173913043,0.0,Facil
CitaPreviaHacienda,47.81,18.0,36,1179,5.767599660729432,1.9508057675996606,2.035623409669211,0,0,0,0,0,0,32.65479219677693,1.441899915182358,0.0,0.6785411365564037,3.138252756573367,0.42408821034775235,0.0,1.1874469889737065,0.0,85.07209499575912,0.42408821034775235,0.2544529262086514,0.0,Facil
CitaPreviaINEMTelefono,67.46,15.1,19,741,2.699055330634278,0.5398110661268556,4.183535762483131,0,0,0,0,0,0,45.07422402159244,0.1349527665317139,0.0,0.0,2.0242914979757085,6.207827260458839,0.1349527665317139,21.592442645074225,0.0,69.23076923076923,0.4048582995951417,1.349527665317139,0.0,Facil
CitaPreviaRenovarDNIPasaporte,52.57,13.1,34,893,2.3516237402015676,2.015677491601344,2.3516237402015676,0,0,0,0,0,0,32.474804031354985,0.7838745800671892,0.0,0.4479283314669653,1.9036954087346025,0.335946248600224,0.0,1.007838745800672,0.0,82.30683090705487,1.2318029115341544,0.7838745800671892,0.0,Facil
CitaPreviaSanitaria,57.48,13.5,26,658,3.0395136778115504,0.7598784194528876,1.5197568389057752,0,0,0,0,0,0,33.130699088145896,0.1519756838905775,0.0,0.45592705167173253,3.0395136778115504,1.21580547112462,0.0,0.303951367781155,0.0,85.56231003039514,1.0638297872340425,0.7598784194528876,0.0,Facil
CitaPreviaSeguridadSocial,52.02,16.5,41,1128,3.9893617021276597,1.4184397163120568,1.5070921985815602,0,0,0,0,0,0,31.20567375886525,0.1773049645390071,0.0,0.3546099290780142,0.975177304964539,0.4432624113475177,0.0,1.950354609929078,0.0,81.02836879432624,2.393617021276596,0.26595744680851063,0.0,Facil
CitaPreviaServicioSanitarioSaludAndaluz,62.4,13.7,26,719,3.198887343532684,1.5299026425591098,2.5034770514603615,0,0,0,0,0,0,31.57162726008345,0.0,0.0,0.5563282336578581,0.9735744089012517,0.5563282336578581,0.0,1.2517385257301807,0.0,84.97913769123782,0.6954102920723226,0.8344923504867872,0.0,Facil
CitaPreviaSescam,51.04,14.4,26,636,2.0440251572327046,1.2578616352201257,0.6289308176100629,0,0,0,0,0,0,29.559748427672957,0.9433962264150944,0.0,0.9433962264150944,1.4150943396226414,1.2578616352201257,0.0,1.8867924528301887,0.0,83.9622641509434,0.31446540880503143,2.0440251572327046,0.0,Facil
CitaPreviaVacunacionMadrid,53.98,12.5,23,519,2.8901734104046244,0.1926782273603083,1.5414258188824663,0,0,0,0,0,0,30.828516377649326,0.0,0.0,0.1926782273603083,1.1560693641618498,0.3853564547206166,0.0,0.5780346820809249,0.0,84.77842003853564,0.5780346820809249,0.9633911368015414,0.0,Facil
ClasesDeConveniosColectivos,45.92,14.9,12,299,1.6722408026755853,2.6755852842809364,0.33444816053511706,0,0,0,0,0,0,37.123745819397996,0.6688963210702341,0.0,0.6688963210702341,1.3377926421404682,0.0,0.0,0.33444816053511706,0.0,86.2876254180602,0.0,0.0,0.0,Facil
CobrarParoEmpezarTrabajar,53.52,18.1,44,1435,7.177700348432055,1.5331010452961673,0.975609756097561,0,0,0,0,0,0,28.43205574912892,0.5574912891986062,0.0,0.34843205574912894,1.8815331010452963,0.13937282229965156,0.0,1.6724738675958188,0.0,87.38675958188153,0.06968641114982578,0.34843205574912894,0.0,Facil
CobrarParoEmpresaNoCotiza,49.84,17.6,28,810,4.444444444444445,0.24691358024691357,1.8518518518518519,0,0,0,0,0,0,23.08641975308642,0.6172839506172839,0.0,0.7407407407407407,0.49382716049382713,0.0,0.0,0.24691358024691357,0.0,89.01234567901234,0.0,1.3580246913580247,0.0,Facil
CobrarParoEnExtranjero,46.66,18.3,51,1456,8.447802197802197,0.9615384615384616,0.8241758241758241,0,0,0,0,0,0,28.502747252747252,0.7554945054945055,0.0,0.27472527472527475,1.510989010989011,0.06868131868131869,0.0,1.3736263736263736,0.0,87.56868131868131,0.13736263736263737,0.27472527472527475,0.0,Facil
CobrarParoPluriempleo,57.91,16.8,58,1716,3.4965034965034967,0.40792540792540793,0.2913752913752914,0,0,0,0,0,0,32.05128205128205,0.11655011655011654,0.0,0.40792540792540793,0.5827505827505828,0.34965034965034963,0.0,2.913752913752914,0.0,87.00466200466201,0.17482517482517482,0.0,0.0,Facil
CobrarParoReduceJornada,50.19,19.1,63,1539,5.653021442495127,1.1046133853151396,1.6244314489928524,0,0,0,0,0,0,26.77063027940221,0.2599090318388564,0.0,0.4548408057179987,1.364522417153996,0.2599090318388564,0.0,2.7940220922677064,0.0,84.86029889538662,0.1299545159194282,0.649772579597141,0.0,Facil
CobrarParoTrabajarTempoParcial,58.32,17.6,39,1218,5.829228243021347,0.16420361247947454,1.1494252873563218,0,0,0,0,0,0,28.489326765188835,0.08210180623973727,0.0,0.08210180623973727,1.8883415435139572,0.49261083743842365,0.0,1.2315270935960592,0.0,86.86371100164203,0.08210180623973727,0.3284072249589491,0.0,Facil
CobrarParoTrasBajaVoluntaria,52.47,19.6,50,1707,7.381370826010545,0.6444053895723492,0.70298769771529,0,0,0,0,0,0,24.487404803749268,0.9958992384299942,0.0,0.46865846514352666,0.9958992384299942,0.351493848857645,0.05858230814294083,0.9373169302870533,0.0,89.16227299355594,0.11716461628588166,0.29291154071470415,0.0,Facil
CompromisoActividad,41.99,16.5,35,948,5.274261603375527,2.4261603375527425,0.8438818565400844,0,0,0,0,0,0,31.645569620253166,1.4767932489451476,0.0,0.6329113924050633,2.109704641350211,0.0,0.0,1.160337552742616,0.0,85.0210970464135,0.10548523206751055,0.4219409282700422,0.0,Facil
ConjuntoTemporal,49.87,18.0,4746,136795,21.44669030300815,1.140392558207537,1.5029789100478819,0,0,0,0,0,0,31.962425527248804,0.7624547680836288,0.0,0.37793779012390805,1.8019664461420373,0.39109616579553347,0.012427354800979567,2.309294930370262,0.0,84.59519719287985,0.45908110676559816,0.5036733798749954,0.0,Facil
ConsultarDevolucionDeRenta,47.02,14.3,33,1018,3.6345776031434185,0.9823182711198428,0.7858546168958742,0,0,0,0,0,0,27.308447937131632,0.68762278978389,0.0,0.68762278978389,0.4911591355599214,0.0,0.19646365422396855,0.8840864440078585,0.0,88.31041257367387,0.3929273084479371,0.09823182711198428,0.0,Facil
ConsultarDudasSepe,44.8,29.0,10,401,2.493765586034913,0.49875311720698257,2.2443890274314215,0,0,0,0,0,0,30.673316708229425,1.2468827930174564,0.0,0.49875311720698257,2.493765586034913,0.0,0.0,0.7481296758104738,0.0,84.03990024937656,0.0,2.2443890274314215,0.0,Facil
ContratoEnPracticas,46.92,16.8,72,1936,6.921487603305785,0.7747933884297521,0.3615702479338843,0,0,0,0,0,0,31.198347107438018,1.3946280991735538,0.0,0.6714876033057852,1.2396694214876034,0.0,0.0,1.4979338842975207,0.0,87.96487603305785,0.15495867768595042,0.25826446280991733,0.0,Facil
ContratoIndefinido,47.2,19.8,38,1223,6.377759607522486,1.3082583810302535,0.3270645952575634,0,0,0,0,0,0,27.473426001635325,1.1447260834014719,0.0,0.5723630417007359,0.3270645952575634,0.3270645952575634,0.0,0.49059689288634506,0.0,90.76042518397384,0.08176614881439084,0.1635322976287817,0.0,Facil
ContratoIndefinidoApoyoEmprendedoresFacil,46.13,21.1,37,980,5.0,1.6326530612244898,0.40816326530612246,0,0,0,0,0,0,27.551020408163264,0.7142857142857143,0.0,0.30612244897959184,1.2244897959183674,0.0,0.0,1.530612244897959,0.0,88.57142857142857,0.0,0.10204081632653061,0.0,Facil
ContratosTemporales,51.6,19.0,46,1431,6.149545772187282,1.187980433263452,0.9783368273934312,0,0,0,0,0,0,31.656184486373167,0.6289308176100629,0.0,0.4192872117400419,1.397624039133473,0.3494060097833683,0.0,1.5373864430468205,0.0,88.25995807127883,0.27952480782669464,0.06988120195667366,0.0,Facil
ConvenioColectivo,49.57,18.1,43,1245,5.461847389558233,1.1244979919678715,0.5622489959839357,0,0,0,0,0,0,35.58232931726908,0.7228915662650602,0.0,0.08032128514056225,1.4457831325301205,0.1606425702811245,0.0,0.4819277108433735,0.0,85.5421686746988,0.1606425702811245,0.24096385542168675,0.0,Facil
CoordinacionServiciosAutonomicosEmpleo,48.68,20.4,26,1083,2.770083102493075,0.18467220683287167,1.3850415512465375,0,0,0,0,0,0,29.6398891966759,1.2003693444136658,0.0,0.2770083102493075,1.3850415512465375,0.18467220683287167,0.0,0.0,0.0,89.01200369344414,0.36934441366574333,0.2770083102493075,0.0,Facil
CosteDefensaJuicioLaboral,53.8,14.2,72,1846,6.879739978331528,1.1375947995666305,0.8125677139761647,0,0,0,0,0,0,28.602383531960996,0.3250270855904659,0.0,0.5417118093174431,0.27085590465872156,0.4333694474539545,0.05417118093174431,0.4333694474539545,0.0,88.94907908992415,0.16251354279523295,0.3250270855904659,0.0,Facil
CuandoObligatoriaDeclaracionRentaFacil,49.68,15.1,71,2220,8.513513513513514,1.3063063063063063,0.9009009009009009,0,0,0,0,0,0,38.828828828828826,0.8558558558558559,0.0,0.36036036036036034,2.5675675675675675,0.5405405405405406,0.0,1.0360360360360361,0.0,82.61261261261261,0.8558558558558559,0.45045045045045046,0.0,Facil
CuentaBancariaFacil,65.33,24.4,14,491,1.8329938900203666,1.4256619144602851,3.054989816700611,0,0,0,0,0,0,27.4949083503055,0.20366598778004075,0.0,0.20366598778004075,4.276985743380855,0.0,0.0,1.2219959266802445,0.0,84.92871690427698,0.0,1.2219959266802445,0.0,Facil
CurriculumEuropeo,46.03,17.9,29,927,4.962243797195254,0.970873786407767,1.725997842502697,0,0,0,0,0,0,36.353829557713055,1.4023732470334411,0.0,1.0787486515641855,3.559870550161812,0.0,0.0,0.0,0.0,85.4368932038835,0.6472491909385113,0.21574973031283712,0.0,Facil
CursosINEMFacil,52.4,16.8,51,1162,3.6144578313253013,0.8605851979345955,2.667814113597246,0,0,0,0,0,0,38.2960413080895,0.774526678141136,0.0,0.1721170395869191,0.8605851979345955,0.8605851979345955,0.25817555938037867,1.2908777969018932,0.0,87.60757314974182,0.0,0.25817555938037867,0.0,Facil
DARDE,53.47,25.6,34,1332,4.2792792792792795,1.2012012012012012,2.027027027027027,0,0,0,0,0,0,27.77777777777778,0.8258258258258259,0.0,0.15015015015015015,1.8768768768768769,0.0,0.0,0.9009009009009009,0.0,87.38738738738739,0.15015015015015015,0.3003003003003003,0.0,Facil
DarseBajaParo,52.69,16.2,28,808,4.826732673267327,2.227722772277228,1.113861386138614,0,0,0,0,0,0,24.876237623762375,0.12376237623762376,0.0,0.24752475247524752,2.103960396039604,0.12376237623762376,0.0,0.12376237623762376,0.0,88.24257425742574,0.12376237623762376,0.49504950495049505,0.0,Facil
DarseDeAltaAutonomo,50.57,16.8,43,1233,3.8929440389294405,0.8110300081103001,1.6220600162206003,0,0,0,0,0,0,33.333333333333336,0.9732360097323601,0.0,0.24330900243309003,2.18978102189781,0.24330900243309003,0.08110300081103,1.5409570154095702,0.0,85.64476885644768,0.9732360097323601,0.7299270072992701,0.0,Facil
DeclaracionDeLaRenta,48.97,14.1,95,2205,4.671201814058957,1.0430839002267573,1.8140589569160999,0,0,0,0,0,0,33.74149659863946,0.8616780045351474,0.0,0.1360544217687075,0.9977324263038548,0.09070294784580499,0.0,3.0385487528344672,0.0,83.12925170068027,0.7256235827664399,0.36281179138321995,0.0,Facil
DeclaracionDeLaRentaWeb,45.86,16.7,34,1001,1.7982017982017982,0.5994005994005994,1.898101898101898,0,0,0,0,0,0,31.568431568431567,1.1988011988011988,0.0,0.3996003996003996,1.1988011988011988,0.0,0.0,1.098901098901099,0.0,82.81718281718281,0.8991008991008991,0.5994005994005994,0.0,Facil
DemandaEmpleo,47.14,15.3,23,595,4.033613445378151,1.5126050420168067,0.0,0,0,0,0,0,0,30.42016806722689,2.0168067226890756,0.0,0.6722689075630253,0.8403361344537815,0.5042016806722689,0.16806722689075632,0.16806722689075632,0.0,86.5546218487395,0.0,0.0,0.0,Facil
DerechoAbogadoOficio,51.42,17.8,49,1434,5.299860529986053,0.9065550906555091,0.6276150627615062,0,0,0,0,0,0,24.89539748953975,0.41841004184100417,0.0,0.6276150627615062,1.0460251046025104,0.0697350069735007,0.0,0.6276150627615062,0.0,89.05160390516039,0.1394700139470014,0.1394700139470014,0.0,Facil
DerechoVacaciones,50.43,16.6,64,1807,5.534034311012729,0.8854454897620365,0.6087437742114001,0,0,0,0,0,0,29.883785279468732,0.22136137244050913,0.0,0.27670171555063644,0.16602102933038185,0.0,0.05534034311012728,1.3835085777531821,0.0,88.54454897620366,0.8301051466519093,0.11068068622025456,0.0,Facil
DiasHabilesFacil,50.18,17.7,13,313,3.194888178913738,0.6389776357827476,0.9584664536741214,0,0,0,0,0,0,41.21405750798722,1.2779552715654952,0.0,0.0,2.8753993610223643,0.0,0.0,0.9584664536741214,0.0,80.5111821086262,2.5559105431309903,0.0,0.0,Facil
DNIElectronico,46.52,19.6,20,584,2.73972602739726,0.684931506849315,5.136986301369863,0,0,0,0,0,0,33.39041095890411,1.5410958904109588,0.0,0.3424657534246575,0.3424657534246575,0.3424657534246575,0.0,0.5136986301369864,0.0,87.67123287671232,0.0,0.8561643835616438,0.0,Facil
DNIElectronicoFacil,49.99,16.5,39,1018,4.616895874263261,0.8840864440078585,2.2593320235756384,0,0,0,0,0,0,35.36345776031434,0.68762278978389,0.0,0.5893909626719057,2.357563850687623,0.19646365422396855,0.0,0.68762278978389,0.0,83.88998035363458,0.09823182711198428,0.3929273084479371,0.0,Facil
DocumentacionPedirParo,46.59,14.8,66,1516,5.54089709762533,1.517150395778364,2.440633245382586,0,0,0,0,0,0,29.353562005277045,0.8575197889182058,0.0,0.5277044854881267,2.770448548812665,0.0,0.0,0.6596306068601583,0.0,85.62005277044855,0.8575197889182058,0.9234828496042217,0.0,Facil
DocumentosSolicitarSubsidioDesempleo,47.44,23.1,27,1076,3.345724907063197,1.1152416356877324,3.066914498141264,0,0,0,0,0,0,30.018587360594797,0.6505576208178439,0.0,0.0,4.739776951672862,2.973977695167286,0.0,1.486988847583643,0.0,85.78066914498142,0.2788104089219331,0.4646840148698885,0.0,Facil
EREFacil,45.53,18.8,43,1102,3.3575317604355717,1.4519056261343013,2.3593466424682394,0,0,0,0,0,0,29.85480943738657,0.6352087114337568,0.0,0.6352087114337568,2.087114337568058,0.18148820326678766,0.0,1.0889292196007259,0.0,85.48094373865699,1.7241379310344827,0.09074410163339383,0.0,Facil
EvitarEngañosContratacion,50.42,20.5,40,934,5.674518201284797,2.569593147751606,0.9635974304068522,0,0,0,0,0,0,33.72591006423983,0.7494646680942184,0.0,0.32119914346895073,0.4282655246252677,0.0,0.0,1.284796573875803,0.0,86.40256959314775,0.5353319057815846,0.7494646680942184,0.0,Facil
ExpedienteInemFacil,46.6,24.9,14,649,2.6194144838212634,2.157164869029276,3.235747303543914,0,0,0,0,0,0,33.7442218798151,0.4622496147919877,0.0,0.3081664098613251,3.5439137134052388,0.3081664098613251,0.0,2.6194144838212634,0.0,80.73959938366718,0.4622496147919877,1.078582434514638,0.0,Facil
ExportarParo,50.92,16.1,31,966,5.383022774327122,0.8281573498964804,1.7598343685300206,0,0,0,0,0,0,31.26293995859213,0.2070393374741201,0.0,0.4140786749482402,2.691511387163561,0.0,0.0,1.9668737060041408,0.0,84.88612836438924,0.2070393374741201,0.8281573498964804,0.0,Facil
InformeVidaLaboralCertificadoDigital,54.83,14.8,30,682,2.6392961876832843,0.5865102639296188,0.4398826979472141,0,0,0,0,0,0,32.40469208211144,0.5865102639296188,0.0,0.0,0.8797653958944281,0.2932551319648094,0.0,1.1730205278592376,0.0,85.63049853372434,1.3196480938416422,0.0,0.0,Facil
InscribirseGarantiaJuvenil,47.3,19.0,34,1016,6.102362204724409,1.3779527559055118,1.6732283464566928,0,0,0,0,0,0,28.051181102362204,1.1811023622047243,0.0,0.1968503937007874,2.1653543307086616,0.984251968503937,0.0,0.984251968503937,0.0,84.74409448818898,0.4921259842519685,1.0826771653543308,0.0,Facil
InstalarActivarDNIElectronico,47.54,14.8,55,1420,3.943661971830986,0.2112676056338028,3.380281690140845,0,0,0,0,0,0,33.732394366197184,0.6338028169014085,0.0,0.4225352112676056,0.14084507042253522,0.49295774647887325,0.07042253521126761,0.704225352112676,0.0,86.61971830985915,0.5633802816901409,0.28169014084507044,0.0,Facil
IPREM2019Facil,51.41,17.1,15,574,2.961672473867596,0.5226480836236934,3.1358885017421603,0,0,0,0,0,0,43.37979094076655,1.3937282229965158,0.0,0.17421602787456447,4.006968641114983,0.0,0.0,3.832752613240418,0.0,71.42857142857143,0.34843205574912894,0.34843205574912894,0.0,Facil
NuevaAyudaDesempleados,44.84,20.3,17,642,4.361370716510903,0.778816199376947,2.803738317757009,0,0,0,0,0,0,34.890965732087224,2.336448598130841,0.0,0.6230529595015576,3.7383177570093458,0.778816199376947,0.0,3.2710280373831777,0.0,83.64485981308411,1.0903426791277258,0.3115264797507788,0.0,Facil
OficinasSEPE,50.53,16.6,30,999,2.9029029029029028,1.6016016016016017,2.4024024024024024,0,0,0,0,0,0,32.832832832832835,0.7007007007007007,0.0,0.1001001001001001,2.8028028028028027,0.1001001001001001,0.0,4.804804804804805,0.0,81.28128128128128,0.3003003003003003,2.2022022022022023,0.0,Facil
OficinaVirtualEmpleoFacil,63.79,13.9,44,758,4.353562005277045,0.9234828496042217,2.638522427440633,0,0,0,0,0,0,32.45382585751979,0.13192612137203166,0.0,0.0,3.6939313984168867,3.5620052770448547,0.0,1.187335092348285,0.0,82.58575197889182,0.13192612137203166,1.0554089709762533,0.0,Facil
OlvidoSellarParo,51.5,15.9,58,1422,5.485232067510548,1.0548523206751055,1.1954992967651195,0,0,0,0,0,0,27.77777777777778,0.2812939521800281,0.0,0.5625879043600562,0.5625879043600562,0.14064697609001406,0.0,0.6329113924050633,0.0,88.88888888888889,0.14064697609001406,0.6329113924050633,0.0,Facil
PagarMultasTrafico,54.27,12.5,30,764,4.319371727748691,1.1780104712041886,1.4397905759162304,0,0,0,0,0,0,26.43979057591623,0.7853403141361257,0.0,0.5235602094240838,0.39267015706806285,0.6544502617801047,0.0,1.0471204188481675,0.0,88.48167539267016,0.6544502617801047,0.2617801047120419,0.0,Facil
PagoUnicoFacil,49.79,15.9,95,2398,6.5888240200166805,1.042535446205171,1.0842368640533777,0,0,0,0,0,0,25.06255212677231,0.9591326105087573,0.0,0.37531276063386154,1.0842368640533777,0.12510425354462051,0.0,1.4595496246872393,0.0,87.57297748123436,0.16680567139282734,0.4170141784820684,0.0,Facil
ParoEn2019,51.91,15.0,39,1232,2.1103896103896105,0.5681818181818182,2.029220779220779,0,0,0,0,0,0,38.23051948051948,0.7305194805194806,0.0,0.2435064935064935,4.3019480519480515,0.487012987012987,0.08116883116883117,3.7337662337662336,0.0,78.57142857142857,0.08116883116883117,0.16233766233766234,0.0,Facil
ParoPrimeraVez,57.86,13.9,37,956,2.8242677824267783,0.8368200836820083,2.928870292887029,0,0,0,0,0,0,31.90376569037657,0.20920502092050208,0.0,0.3138075313807531,3.5564853556485354,0.10460251046025104,0.20920502092050208,0.20920502092050208,0.0,85.66945606694561,0.10460251046025104,1.4644351464435146,0.0,Facil
ParoSiendoFamiliarEmpresario,51.74,19.9,49,1774,4.904171364148816,0.9582863585118376,0.6200676437429538,0,0,0,0,0,0,28.692220969560317,0.6200676437429538,0.0,0.9019165727170236,1.2401352874859075,0.16910935738444194,0.05636978579481398,0.6200676437429538,0.0,86.47125140924464,0.3382187147688839,0.7328072153325818,0.0,Facil
PedirCitaSEPE,61.43,27.3,20,881,4.199772985244041,0.5675368898978433,3.2917139614074915,0,0,0,0,0,0,45.62996594778661,0.22701475595913734,0.0,0.11350737797956867,2.724177071509648,0.5675368898978433,0.0,18.728717366628832,0.0,68.78547105561861,0.5675368898978433,1.5891032917139614,0.0,Facil
PedirTarjetaParo,55.95,15.9,39,1216,4.769736842105263,1.2335526315789473,1.3157894736842106,0,0,0,0,0,0,27.38486842105263,0.41118421052631576,0.0,0.6578947368421053,1.9736842105263157,0.0,0.0,0.16447368421052633,0.0,87.66447368421052,0.16447368421052633,0.9046052631578947,0.0,Facil
PlanRetornoDobleNacionalidad,47.34,16.8,55,1382,8.031837916063676,0.6512301013024602,1.1577424023154848,0,0,0,0,0,0,28.364688856729376,0.7959479015918958,0.0,0.4341534008683068,2.460202604920405,0.0723589001447178,0.0,1.3748191027496381,0.0,84.87698986975398,0.723589001447178,0.7959479015918958,0.0,Facil
PrestacionDesempleo,48.18,16.6,69,1782,6.902356902356902,1.4590347923681257,1.9640852974186307,0,0,0,0,0,0,32.26711560044893,0.5611672278338945,0.0,0.4489337822671156,2.6936026936026938,0.39281705948372614,0.0,2.6374859708193044,0.0,83.05274971941638,0.16835016835016836,0.5050505050505051,0.0,Facil
PrestacionDesempleoEREExtincionFacil,46.62,17.2,21,563,3.374777975133215,1.0657193605683837,1.7761989342806395,0,0,0,0,0,0,30.373001776198933,0.8880994671403197,0.0,0.17761989342806395,3.552397868561279,0.3552397868561279,0.0,2.1314387211367674,0.0,83.83658969804618,0.8880994671403197,0.3552397868561279,0.0,Facil
PrestaciónCeseActividadAutonomoFacil,48.25,15.7,56,1473,4.61642905634759,1.1541072640868975,0.8825526137135098,0,0,0,0,0,0,30.34623217922607,0.5431093007467753,0.0,0.4073319755600815,2.104548540393754,0.0,0.0,2.308214528173795,0.0,85.06449422946368,0.0,0.13577732518669383,0.0,Facil
PrestaciónMaternidadFacil,48.13,16.6,45,1551,4.513217279174726,0.9671179883945842,0.7092198581560284,0,0,0,0,0,0,27.917472598323663,1.0960670535138621,0.0,0.5157962604771116,1.7408123791102514,0.06447453255963895,0.0,1.9342359767891684,0.0,87.81431334622825,0.2578981302385558,0.06447453255963895,0.0,Facil
QuienesObligadosDeclaracionRenta,50.67,14.7,35,777,2.831402831402831,0.7722007722007722,1.1583011583011582,0,0,0,0,0,0,37.323037323037326,0.3861003861003861,0.0,0.2574002574002574,0.2574002574002574,0.2574002574002574,0.0,0.9009009009009009,0.0,85.45688545688546,1.287001287001287,0.2574002574002574,0.0,Facil
ReferenciaCatastralInmueble,54.04,14.7,38,927,3.344120819848975,2.0496224379719523,2.0496224379719523,0,0,0,0,0,0,30.42071197411003,0.0,0.0,0.10787486515641856,1.2944983818770226,0.10787486515641856,0.0,0.10787486515641856,0.0,84.03451995685005,0.21574973031283712,0.43149946062567424,0.0,Facil
RentaAgraria,46.57,23.6,37,1279,5.7857701329163405,1.1727912431587177,1.2509773260359656,0,0,0,0,0,0,34.792806880375295,0.8600469116497264,0.0,0.07818608287724785,3.674745895230649,0.1563721657544957,0.0,4.691164972634871,0.0,82.09538702111024,0.23455824863174354,0.07818608287724785,0.0,Facil
RentaMinimaDeInsercionFacil,60.13,20.6,17,543,4.23572744014733,0.5524861878453039,0.7366482504604052,0,0,0,0,0,0,33.88581952117864,0.1841620626151013,0.0,0.1841620626151013,1.8416206261510129,0.0,0.0,0.7366482504604052,0.0,85.6353591160221,0.1841620626151013,0.5524861878453039,0.0,Facil
RenunciaPrestacionesDesempleo,48.9,14.8,48,1505,7.441860465116279,1.6611295681063123,1.6611295681063123,0,0,0,0,0,0,25.04983388704319,0.6644518272425249,0.0,0.0664451827242525,1.8604651162790697,0.7308970099667774,0.0,0.7308970099667774,0.0,88.17275747508306,0.132890365448505,1.2624584717607974,0.0,Facil
RetornoVoluntarioProductivo,47.74,19.5,21,732,6.284153005464481,0.9562841530054644,0.273224043715847,0,0,0,0,0,0,26.639344262295083,1.092896174863388,0.0,0.546448087431694,1.092896174863388,0.1366120218579235,0.0,0.9562841530054644,0.0,89.61748633879782,0.4098360655737705,0.273224043715847,0.0,Facil
SalariosSociales,60.14,12.5,44,925,4.216216216216216,0.972972972972973,0.6486486486486487,0,0,0,0,0,0,36.75675675675676,0.10810810810810811,0.0,0.10810810810810811,1.4054054054054055,0.10810810810810811,0.0,0.43243243243243246,0.0,84.54054054054055,0.32432432432432434,0.21621621621621623,0.0,Facil
SeguridadSocial,50.67,18.8,11,401,2.493765586034913,0.49875311720698257,1.745635910224439,0,0,0,0,0,0,31.17206982543641,0.24937655860349128,0.0,0.0,1.9950124688279303,0.24937655860349128,0.0,0.0,0.0,86.78304239401496,0.24937655860349128,0.49875311720698257,0.0,Facil
SellarParo,55.44,13.4,42,839,2.860548271752086,1.430274135876043,1.5494636471990464,0,0,0,0,0,0,26.817640047675805,0.4767580452920143,0.0,0.834326579261025,1.3110846245530394,0.0,0.0,0.0,0.0,85.93563766388557,0.4767580452920143,0.5959475566150179,0.0,Facil
SellarParoPorInternet,57.04,17.5,29,727,2.063273727647868,1.2379642365887207,1.5130674002751032,0,0,0,0,0,0,30.261348005502064,0.2751031636863824,0.0,0.5502063273727648,1.9257221458046767,0.4126547455295736,0.0,0.8253094910591472,0.0,84.4566712517194,0.4126547455295736,0.5502063273727648,0.0,Facil
SellarParoPorTelefono,52.82,19.4,11,489,3.2719836400817996,0.8179959100204499,1.4314928425357873,0,0,0,0,0,0,24.335378323108383,0.6134969325153374,0.0,0.0,0.40899795501022496,0.6134969325153374,0.0,0.40899795501022496,0.0,92.02453987730061,0.0,0.0,0.0,Facil
ServiciosDeEmpleoCadaComunidad,62.34,21.0,9,357,6.162464985994398,0.5602240896358543,3.361344537815126,0,0,0,0,0,0,35.0140056022409,0.8403361344537815,0.0,0.0,4.481792717086835,1.4005602240896358,0.0,0.2801120448179272,0.0,84.593837535014,0.2801120448179272,1.680672268907563,0.0,Facil
SistemaCl@avePin,45.25,17.1,25,844,4.265402843601896,0.8293838862559242,4.028436018957346,0,0,0,0,0,0,29.14691943127962,1.6587677725118484,0.0,0.5924170616113744,2.3696682464454977,0.35545023696682465,0.0,0.0,0.0,86.84834123222748,1.3033175355450237,0.9478672985781991,0.0,Facil
SistemaNacionalGarantiaJuvenil,49.95,14.2,16,387,4.651162790697675,2.5839793281653747,0.7751937984496124,0,0,0,0,0,0,30.49095607235142,0.5167958656330749,0.0,0.7751937984496124,1.0335917312661498,0.0,0.0,1.2919896640826873,0.0,87.33850129198966,0.5167958656330749,0.25839793281653745,0.0,Facil
SolicitarBorradorDeclaracionRenta,48.21,15.4,36,970,2.4742268041237114,1.443298969072165,1.958762886597938,0,0,0,0,0,0,28.65979381443299,0.7216494845360825,0.0,0.20618556701030927,1.2371134020618557,0.30927835051546393,0.0,2.783505154639175,0.0,83.6082474226804,0.6185567010309279,0.20618556701030927,0.0,Facil
SolicitarCertificadoIRPF,49.71,13.8,50,673,1.337295690936107,0.4457652303120357,4.160475482912333,0,0,0,0,0,0,37.295690936106986,0.0,0.0,0.0,1.188707280832095,0.4457652303120357,0.0,2.526002971768202,0.0,77.41456166419019,1.188707280832095,1.485884101040119,0.0,Facil
SolicitarInformeVidaLaboralGeneral,50.99,18.6,40,1219,6.070549630844955,0.7383100902379,0.9023789991796555,0,0,0,0,0,0,29.532403609515995,0.5742411812961444,0.0,0.7383100902379,0.8203445447087777,0.08203445447087777,0.0,0.9023789991796555,0.0,85.56193601312552,1.2305168170631666,0.41017227235438886,0.0,Facil
SubsidioMayores45,48.55,17.2,27,855,3.742690058479532,0.5847953216374269,1.7543859649122806,0,0,0,0,0,0,35.67251461988304,1.0526315789473684,0.0,0.5847953216374269,4.093567251461988,0.0,0.0,3.8596491228070176,0.0,82.22222222222223,0.3508771929824561,0.4678362573099415,0.0,Facil
SubsidioPerdidaPensionIncapacidadPermanente,49.2,22.3,21,582,5.670103092783505,1.2027491408934707,0.6872852233676976,0,0,0,0,0,0,29.553264604810998,0.1718213058419244,0.0,0.3436426116838488,1.8900343642611683,0.0,0.0,1.3745704467353952,0.0,84.02061855670104,0.8591065292096219,0.1718213058419244,0.0,Facil
TarjertaMejoraEmpleo,52.52,18.7,27,720,3.1944444444444446,0.9722222222222222,0.9722222222222222,0,0,0,0,0,0,30.97222222222222,0.4166666666666667,0.0,0.5555555555555556,1.9444444444444444,0.0,0.0,0.0,0.0,86.11111111111111,0.1388888888888889,0.6944444444444444,0.0,Facil
TarjetaSanitariaEuropea,53.98,18.0,47,1402,5.920114122681883,1.2125534950071326,1.6405135520684737,0,0,0,0,0,0,31.66904422253923,0.7132667617689016,0.0,0.7845934379457917,1.4265335235378032,0.21398002853067047,0.0,0.927246790299572,0.0,85.16405135520685,0.7845934379457917,0.28530670470756064,0.0,Facil
TelefonoInformacionSEPE,61.37,22.3,7,404,0.9900990099009901,0.24752475247524752,4.702970297029703,0,0,0,0,0,0,64.10891089108911,0.24752475247524752,0.0,0.24752475247524752,1.9801980198019802,12.871287128712872,0.0,41.08910891089109,0.0,51.23762376237624,0.49504950495049505,1.7326732673267327,0.0,Facil
TelefonosHaciendaAgenciaTributaria,55.41,25.2,40,1527,3.0124426981008514,1.4407334643091028,1.8991486574983627,0,0,0,0,0,0,61.10019646365422,0.7203667321545514,0.0,0.13097576948264572,1.83366077275704,0.45841519318926,0.0,29.60052390307793,0.0,53.43811394891945,1.1132940406024885,0.7858546168958742,0.0,Facil
TrabajadoresParoDerechoVacaciones,47.3,19.2,42,1343,7.892777364110201,1.1913626209977661,0.5956813104988831,0,0,0,0,0,0,29.11392405063291,1.1913626209977661,0.0,0.37230081906180196,1.340282948622487,0.0,0.0,0.7446016381236039,0.0,88.45867460908414,0.14892032762472077,0.4467609828741623,0.0,Facil
TramitesDGT,48.2,19.0,10,365,2.73972602739726,0.547945205479452,2.4657534246575343,0,0,0,0,0,0,30.958904109589042,0.821917808219178,0.0,0.0,0.0,0.273972602739726,0.0,0.547945205479452,0.0,87.94520547945206,0.547945205479452,0.547945205479452,0.0,Facil
TramitesExtranjeriaEnEspaña,44.33,26.5,9,471,5.732484076433121,1.4861995753715498,1.2738853503184713,0,0,0,0,0,0,30.573248407643312,1.2738853503184713,0.0,0.21231422505307856,2.5477707006369426,0.0,0.0,0.21231422505307856,0.0,84.92569002123142,0.6369426751592356,0.6369426751592356,0.0,Facil
TramitesHacienda,42.9,32.7,8,400,2.0,3.25,2.25,0,0,0,0,0,0,37.25,2.75,0.0,0.25,5.0,0.0,0.0,1.75,0.0,82.75,0.25,0.25,0.0,Facil
TramitesINEM,52.47,34.8,6,348,6.609195402298851,0.5747126436781609,4.597701149425287,0,0,0,0,0,0,33.9080459770115,0.5747126436781609,0.0,0.28735632183908044,4.597701149425287,1.1494252873563218,0.0,0.28735632183908044,0.0,80.45977011494253,0.28735632183908044,2.2988505747126435,0.0,Facil
VacacionesNoDisfrutadasParo,51.3,20.1,22,707,5.233380480905233,0.14144271570014144,0.7072135785007072,0,0,0,0,0,0,29.56152758132956,0.14144271570014144,0.0,0.14144271570014144,1.1315417256011315,0.14144271570014144,0.0,1.8387553041018387,0.0,86.28005657708628,1.272984441301273,0.4243281471004243,0.0,Facil
VerDatosEnLaSeguridadSocial,53.35,18.0,27,637,1.2558869701726845,0.47095761381475665,1.098901098901099,0,0,0,0,0,0,36.26373626373626,0.7849293563579278,0.0,0.3139717425431711,0.3139717425431711,0.3139717425431711,0.0,0.6279434850863422,0.0,81.78963893249608,2.0408163265306123,0.9419152276295133,0.0,Facil
VidaLaboralFacil,54.45,14.6,70,1619,2.285361334156887,0.679431747992588,1.7294626312538603,0,0,0,0,0,0,29.400864731315625,0.9264978381717109,0.0,0.5558987029030266,1.7912291537986411,0.3705991352686844,0.0,1.358863495985176,0.0,85.85546633724522,0.679431747992588,0.24706609017912293,0.0,Facil
